Column1;Column2;Column3;Column4;Column5;Column6;Column7;Column8;Column9;Column10;Column11;Column12;Column13;Column14;Column15;Column16
 SIG4-1; 716; 291; N2-L23-001-SIRENE; 5;10;0;0;2;1;1;;0;0;0;0
 SIG4-2; 716; 291; N2-L21-002-SIRENE-PN; 5;10;0;0;2;1;1;;0;0;0;0
 SIG4-3; 716; 291; N2-L21-003-SIRENE-PN; 5;10;0;0;2;1;1;;0;0;0;0
 SIG4-4; 716; 291; N2-L21-004-SIRENE-PN; 5;10;0;0;2;1;1;;0;0;0;0
 SIG4-5; 716; 291; N2-L21-005-SIRENE-PN; 5;10;0;0;2;1;1;;0;0;0;0
 SIG4-6; 716; 291; N2-L21-006-SIRENE; 5;10;0;0;2;1;1;;0;0;0;0
 SIG4-7; 716; 291; N2-L21-007-SIRENE; 5;10;0;0;2;1;1;;0;0;0;0
 SIG5-1; 716; 291; N2-L22-001-SIRENE; 5;10;0;0;2;1;1;;0;0;0;0
 SIG5-2; 716; 291; N2-L22-002-SIRENE; 5;10;0;0;2;1;1;;0;0;0;0
 SIG5-3; 716; 291; N2-L22-003-SIRENE; 5;10;0;0;2;1;1;;0;0;0;0
 SIG5-4; 716; 291; N2-L22-004-SIRENE; 5;10;0;0;2;1;1;;0;0;0;0
 SIG5-5; 716; 291; N2-L22-005-SIRENE; 5;10;0;0;2;1;1;;0;0;0;0
 SIG5-6; 716; 291; N2-L22-006-SIRENE; 5;10;0;0;2;1;1;;0;0;0;0
 SIG5-7; 716; 291; N2-L22-007-SIRENE; 5;10;0;0;2;1;1;;0;0;0;0
 SIG5-8; 716; 291; N2-L22-008-SIRENE; 5;10;0;0;2;1;1;;0;0;0;0
 SIG5-9; 716; 291; N2-L22-009-SIRENE; 5;10;0;0;2;1;1;;0;0;0;0
 SIG5-10; 716; 291; N2-L22-010-SIRENE; 5;10;0;0;2;1;1;;0;0;0;0
 SIG5-11; 716; 291; N2-L22-011-SIRENE; 5;10;0;0;2;1;1;;0;0;0;0
 SIG6-1; 716; 291; N2-L23-001-SIRENE; 5;10;0;0;2;1;1;;0;0;0;0
 SIG6-2; 716; 291; N2-L23-002-SIRENE; 5;10;0;0;2;1;1;;0;0;0;0
 SIG6-3; 716; 291; N2-L23-003-SIRENE; 5;10;0;0;2;1;1;;0;0;0;0
 SIG6-4; 716; 291; N2-L23-004-SIRENE; 5;10;0;0;2;1;1;;0;0;0;0
 SIG6-5; 716; 291; N2-L23-005-SIRENE; 5;10;0;0;2;1;1;;0;0;0;0
 SIG6-6; 716; 291; N2-L23-006-SIRENE; 5;10;0;0;2;1;1;;0;0;0;0
 SIG6-7; 716; 291; N2-L23-007-SIRENE; 5;10;0;0;2;1;1;;0;0;0;0
 SIG6-8; 716; 291; N2-L23-008-SIRENE; 5;10;0;0;2;1;1;;0;0;0;0
 SIG6-9; 716; 291; N2-L23-009-SIRENE; 5;10;0;0;2;1;1;;0;0;0;0
 SIG6-10; 716; 291; N2-L23-010-SIRENE; 5;10;0;0;2;1;1;;0;0;0;0
 SIG6-11; 716; 291; N2-L23-011-SIRENE; 5;10;0;0;2;1;1;;0;0;0;0
 SIG6-12; 716; 291; N2-L23-012-SIRENE; 5;10;0;0;2;1;1;;0;0;0;0
 SIG6-13; 716; 291; N2-L23-013-SIRENE; 5;10;0;0;2;1;1;;0;0;0;0
 SIG6-14; 716; 291; N2-L23-014-SIRENE; 5;10;0;0;2;1;1;;0;0;0;0
 SIG6-15; 716; 291; N2-L23-015-SIRENE; 5;10;0;0;2;1;1;;0;0;0;0
 SIG6-16; 716; 291; N2-L23-016-SIRENE; 5;10;0;0;2;1;1;;0;0;0;0
 SIG6-17; 716; 291; N2-L23-017-SIRENE; 5;10;0;0;2;1;1;;0;0;0;0
 SIG8-1; 716; 291; N2-L24-001-SIRENE-DATA CENTER-TE-PN; 5;10;0;0;2;1;1;;0;0;0;0
 SIG8-2; 716; 291; N2-L24-002-SIRENE-BANHEIROS-TE-PN; 5;10;0;0;2;1;1;;0;0;0;0
 SIG8-3; 716; 291; N2-L24-003-SIRENE-1P-CN; 5;10;0;0;2;1;1;;0;0;0;0
 SIG8-4; 716; 291; N2-L24-004-SIRENE-1P-CN; 5;10;0;0;2;1;1;;0;0;0;0
 SIG8-5; 716; 291; N2-L24-005-SIRENE-1P-CN; 5;10;0;0;2;1;1;;0;0;0;0
 SIG8-6; 716; 291; N2-L24-006-SIRENE-1P-CN; 5;10;0;0;2;1;1;;0;0;0;0
 SIG8-7; 716; 291; N2-L24-007-SIRENE-1P-CN; 5;10;0;0;2;1;1;;0;0;0;0
 SIG8-8; 716; 291; N2-L24-008-SIRENE-1P-CN; 5;10;0;0;2;1;1;;0;0;0;0
 SIG8-9; 716; 291; N2-L24-009-SIRENE-1P-CN; 5;10;0;0;2;1;1;;0;0;0;0
 SIG8-10; 716; 291; N2-L24-010-SIRENE-1P-CN; 5;10;0;0;2;1;1;;0;0;0;0
 SIG8-11; 716; 291; N2-L24-011-SIRENE-1P-CN; 5;10;0;0;2;1;1;;0;0;0;0
 M1-1-0; RIAM; RELAY; N2-L21-001-MR-DESEM INTERNACIONAL-2P-PN; N/A;-1;-1;-1;-1;-1;-1;-1;-1;-1;-1;-1
 M1-2-0; ADRPUL; PULL; N2-L21-002-AM -DESEM INTERNACIONAL-2P-PN; N/A;-1;-1;-1;-1;-1;-1;-1;-1;-1;-1;-1
 M1-3-0; PHOTO; SMOKE; N2-L21-003-DF-ACESSO ESC DES INT-2P-PN; N/A;-1;-1;-1;-1;-1;-1;-1;-1;-1;-1;-1
 M1-4-0; PHOTO; SMOKE; N2-L21-004-DF-SAIDA ESC DES INTE-2P-PN; N/A;-1;-1;-1;-1;-1;-1;-1;-1;-1;-1;-1
 M1-5-0; PHOTO; SMOKE; N2-L21-005-DF-CORREDOR DES INTER-2P-PN; N/A;-1;-1;-1;-1;-1;-1;-1;-1;-1;-1;-1
 M1-6-0; PHOTO; SMOKE; N2-L21-006-DF-CORREDOR DES INTER-2P-PN; N/A;-1;-1;-1;-1;-1;-1;-1;-1;-1;-1;-1
 M1-7-0; PHOTO; SMOKE; N2-L21-007-DF-CORREDOR DES INTER-2P-PN; N/A;-1;-1;-1;-1;-1;-1;-1;-1;-1;-1;-1
 M1-8-0; PHOTO; SMOKE; N2-L21-008-DF-CORREDOR DES INTER-2P-PN; N/A;-1;-1;-1;-1;-1;-1;-1;-1;-1;-1;-1
 M1-9-0; BEAM; FBEAM; N2-L21-009-DL-ACESSO GATE EMB INTER-2P-P; N/A;-1;-1;-1;-1;-1;-1;-1;-1;-1;-1;-1
 M1-10-0; PHOTO; SMOKE; N2-L21-010-DF- ACESSO GATE 13-2P-PN; N/A;-1;-1;-1;-1;-1;-1;-1;-1;-1;-1;-1
 M1-11-0; RIAM; RELAY; N2-L21-011-MR-2P-PN; N/A;-1;-1;-1;-1;-1;-1;-1;-1;-1;-1;-1
 M1-12-0; PHOTO; SMOKE; N2-L21-012-DF-CORREDOR GATE 13-2P-PN; N/A;-1;-1;-1;-1;-1;-1;-1;-1;-1;-1;-1
 M1-13-0; PHOTO; SMOKE; N2-L21-013-DF-CORREDOR GATE 13-2P-PN; N/A;-1;-1;-1;-1;-1;-1;-1;-1;-1;-1;-1
 M1-14-0; PHOTO; SMOKE; N2-L21-014-DF-CORREDOR GATE 13-2P-PN; N/A;-1;-1;-1;-1;-1;-1;-1;-1;-1;-1;-1
 M1-15-0; BEAM; FBEAM; N2-L21-015-DL-ACESSO GATE 14-2P-PN; N/A;-1;-1;-1;-1;-1;-1;-1;-1;-1;-1;-1
 M1-16-0; PHOTO; SMOKE; N2-L21-016-DF-ACESSO GATE 14-2P-PN; N/A;-1;-1;-1;-1;-1;-1;-1;-1;-1;-1;-1
 M1-17-0; PHOTO; SMOKE; N2-L21-017-DF-CORREDOR GATE 14-2P-PN; N/A;-1;-1;-1;-1;-1;-1;-1;-1;-1;-1;-1
 M1-18-0; PHOTO; SMOKE; N2-L21-018-DF-CORREDOR GATE 14-2P-PN; N/A;-1;-1;-1;-1;-1;-1;-1;-1;-1;-1;-1
 M1-19-0; BEAM; FBEAM; N2-L21-019-DL-EMB INTERNACIONAL-2P-PN; N/A;-1;-1;-1;-1;-1;-1;-1;-1;-1;-1;-1
 M1-20-0; PHOTO; SMOKE; N2-L21-020-DF-CORREDOR GATE 15-2P-PN; N/A;-1;-1;-1;-1;-1;-1;-1;-1;-1;-1;-1
 M1-21-0; PHOTO; SMOKE; N2-L21-021-DF-CORREDOR GATE 15-2P-PN; N/A;-1;-1;-1;-1;-1;-1;-1;-1;-1;-1;-1
 M1-22-0; PHOTO; SMOKE; N2-L21-022-DF-CORREDOR GATE 15-2P-PN; N/A;-1;-1;-1;-1;-1;-1;-1;-1;-1;-1;-1
 M1-23-0; ADRPUL; PULL; N2-L21-023-AM-ACESSO GATE 15-2P-PN; N/A;-1;-1;-1;-1;-1;-1;-1;-1;-1;-1;-1
 M1-24-0; PHOTO; SMOKE; N2-L21-024-DF-CORREDOR DES INTER-2P-PN; N/A;-1;-1;-1;-1;-1;-1;-1;-1;-1;-1;-1
 M1-25-0; BEAM; FBEAM; N2-L21-025-DL-EMB REVERSIVEL-2P-PN; N/A;-1;-1;-1;-1;-1;-1;-1;-1;-1;-1;-1
 M1-26-0; PHOTO; SMOKE; N2-L21-026-DF-CORREDOR DES INTER-2P-PN; N/A;-1;-1;-1;-1;-1;-1;-1;-1;-1;-1;-1
 M1-27-0; ADRPUL; PULL; N2-L21-027-AM-CORREDOR DES INTER-2P-PN; N/A;-1;-1;-1;-1;-1;-1;-1;-1;-1;-1;-1
 M1-28-0; PHOTO; SMOKE; N2-L21-28-DF-CORREDOR DES INTER-2P-PN; N/A;-1;-1;-1;-1;-1;-1;-1;-1;-1;-1;-1
 M1-29-0; PHOTO; SMOKE; N2-L21-029-DF-CORREDOR DES INTER-2P-PN; N/A;-1;-1;-1;-1;-1;-1;-1;-1;-1;-1;-1
 M1-30-0; ADRPUL; PULL; N2-L21-030-AM-CORREDOR DES INTER-2P-PN; N/A;-1;-1;-1;-1;-1;-1;-1;-1;-1;-1;-1
 M1-31-0; PHOTO; SMOKE; N2-L21-031-DF-CORREDOR DES INTER-2P-PN; N/A;-1;-1;-1;-1;-1;-1;-1;-1;-1;-1;-1
 M1-32-0; PHOTO; SMOKE; N2-L21-032-DF-CORREDOR DES INTER-2P-PN; N/A;-1;-1;-1;-1;-1;-1;-1;-1;-1;-1;-1
 M1-33-0; PHOTO; SMOKE; N2-L21-033-DF-CORREDOR DES INTER-2P-PN; N/A;-1;-1;-1;-1;-1;-1;-1;-1;-1;-1;-1
 M1-34-0; PHOTO; SMOKE; N2-L21-034-DF-CORREDOR DES INTER-2P-PN; N/A;-1;-1;-1;-1;-1;-1;-1;-1;-1;-1;-1
 M1-35-0; PHOTO; SMOKE; N2-L21-035-DF-HAL ELEVADOR-2P-PN; N/A;-1;-1;-1;-1;-1;-1;-1;-1;-1;-1;-1
 M1-36-0; PHOTO; SMOKE; N2-L21-036-DF-CORREDOR GATE 14-2P-PN; N/A;-1;-1;-1;-1;-1;-1;-1;-1;-1;-1;-1
 M1-37-0; ADRPUL; PULL; N2-L21-037-AM-CORREDOR DES INTER-2P-PN; N/A;-1;-1;-1;-1;-1;-1;-1;-1;-1;-1;-1
 M1-38-0; PHOTO; SMOKE; N2-L21-038-DF-CORREDOR DES INTER-2P-PN; N/A;-1;-1;-1;-1;-1;-1;-1;-1;-1;-1;-1
 M1-39-0; PHOTO; SMOKE; N2-L21-039-DF-CORREDOR DES INTER-2P-PN; N/A;-1;-1;-1;-1;-1;-1;-1;-1;-1;-1;-1
 M1-40-0; ADRPUL; PULL; N2-L21-040-AM-COR DES INTER GATE13-2P-PN; N/A;-1;-1;-1;-1;-1;-1;-1;-1;-1;-1;-1
 M1-41-0; PHOTO; SMOKE; N2-L21-041-DF-CORREDOR DES INTER-2P-PN; N/A;-1;-1;-1;-1;-1;-1;-1;-1;-1;-1;-1
 M1-42-0; PHOTO; SMOKE; N2-L21-042-DF-CORREDOR DES INTER-2P-PN; N/A;-1;-1;-1;-1;-1;-1;-1;-1;-1;-1;-1
 M1-43-0; PHOTO; SMOKE; N2-L21-043-DF-CORREDOR DES INTER-2P-PN; N/A;-1;-1;-1;-1;-1;-1;-1;-1;-1;-1;-1
 M1-46-0; BEAM; FBEAM; N2-L21-046-DL-DESEM INTERNACINAL 2P-PN; N/A;-1;-1;-1;-1;-1;-1;-1;-1;-1;-1;-1
 M1-47-0; PHOTO; SMOKE; N2-L21-047-DF-DEP ATRAS ELEVADOR-2P-PN; N/A;-1;-1;-1;-1;-1;-1;-1;-1;-1;-1;-1
 M1-48-0; PHOTO; SMOKE; N2-L21-048-DF-DESEMB INTERNACIONAL-2P-PN; N/A;-1;-1;-1;-1;-1;-1;-1;-1;-1;-1;-1
 M1-50-0; PHOTO; SMOKE; N2-L21-050-DF-CORREDOR DES INTER-2P-PN; N/A;-1;-1;-1;-1;-1;-1;-1;-1;-1;-1;-1
 M1-51-0; PHOTO; SMOKE; N2-L21-051-DF-CORREDOR DES INTER-2P-PN; N/A;-1;-1;-1;-1;-1;-1;-1;-1;-1;-1;-1
 M1-52-0; PHOTO; SMOKE; N2-L21-052-DF-CORREDOR DES INTER-2P-PN; N/A;-1;-1;-1;-1;-1;-1;-1;-1;-1;-1;-1
 M1-54-0; PHOTO; SMOKE; N2-L21-054-DF-CORREDOR GATE 14-2P-PN; N/A;-1;-1;-1;-1;-1;-1;-1;-1;-1;-1;-1
 M1-55-0; PHOTO; SMOKE; N2-L21-55-DF-ACESSO ESCA DES INTER-2P-PN; N/A;-1;-1;-1;-1;-1;-1;-1;-1;-1;-1;-1
 M1-57-0; PHOTO; SMOKE; N2-L21-057-DF-SALA AO LADO RAIO X-2P-PN; N/A;-1;-1;-1;-1;-1;-1;-1;-1;-1;-1;-1
 M1-60-0; RIAM; RELAY; N2-L21-060-MR-EF-2P-PN; N/A;-1;-1;-1;-1;-1;-1;-1;-1;-1;-1;-1
 M1-61-0; ADRPUL; PULL; N2-L21-061-AM-CORREDOR DES INTER-2P-PN; N/A;-1;-1;-1;-1;-1;-1;-1;-1;-1;-1;-1
 M1-64-0; RIAM; RELAY; N2-L21-064-MR-2P-PN; N/A;-1;-1;-1;-1;-1;-1;-1;-1;-1;-1;-1
 M1-100-0; PHOTO; SMOKE; N2-L21-100-DF-CORREDOR GATE 15-2P-PN; N/A;-1;-1;-1;-1;-1;-1;-1;-1;-1;-1;-1
 M1-101-0; PHOTO; SMOKE; N2-L21-101-DF-CORREDOR GATE 15-2P-PN; N/A;-1;-1;-1;-1;-1;-1;-1;-1;-1;-1;-1
 M1-102-0; PHOTO; SMOKE; N2-L21-102-DF-CORREDOR GATE 15-2P-PN; N/A;-1;-1;-1;-1;-1;-1;-1;-1;-1;-1;-1
 M1-104-0; PHOTO; SMOKE; N2-L21-104-DF-CORREDOR GATE 15-2P-PN; N/A;-1;-1;-1;-1;-1;-1;-1;-1;-1;-1;-1
 M1-105-0; PHOTO; SMOKE; N2-L21-105-DF-CORREDOR GATE 15-2P-PN; N/A;-1;-1;-1;-1;-1;-1;-1;-1;-1;-1;-1
 M1-110-0; PHOTO; SMOKE; N2-L21-110-DF-CORREDOR GATE 14-2P-PN; N/A;-1;-1;-1;-1;-1;-1;-1;-1;-1;-1;-1
 M1-111-0; PHOTO; SMOKE; N2-L21-111-DF-CORREDOR GATE 14-2P-PN; N/A;-1;-1;-1;-1;-1;-1;-1;-1;-1;-1;-1
 M1-112-0; PHOTO; SMOKE; N2-L21-112-DF-CORREDOR GATE 14-2P-PN; N/A;-1;-1;-1;-1;-1;-1;-1;-1;-1;-1;-1
 M1-113-0; PHOTO; SMOKE; N2-L21-113-DF-CORREDOR GATE 13-2P-PN; N/A;-1;-1;-1;-1;-1;-1;-1;-1;-1;-1;-1
 M1-114-0; PHOTO; SMOKE; N2-L21-114-DF-CORREDOR GATE 13-2P-PN; N/A;-1;-1;-1;-1;-1;-1;-1;-1;-1;-1;-1
 M1-115-0; PHOTO; SMOKE; N2-L21-115-DF-CORREDOR GATE 13-2P-PN; N/A;-1;-1;-1;-1;-1;-1;-1;-1;-1;-1;-1
 M1-116-0; PHOTO; SMOKE; N2-L21-116-DF-CORREDOR GATE 13-2P-PN; N/A;-1;-1;-1;-1;-1;-1;-1;-1;-1;-1;-1
 M1-117-0; RIAM; RELAY; N2-L21-117-MR-2P-PN; N/A;-1;-1;-1;-1;-1;-1;-1;-1;-1;-1;-1
 M1-127-0; BEAM; FBEAM; N2-L21-127-DL-AREA ANTES RAIO X-2P-PN; N/A;-1;-1;-1;-1;-1;-1;-1;-1;-1;-1;-1
 M1-160-0; IAM; FIRE; N2-L21-160-DL- EMBRAQUE NACIONAL-2P-PN; N/A;-1;-1;-1;-1;-1;-1;-1;-1;-1;-1;-1
 M1-161-0; IAM; FIRE; N2-L21-161-DL- EMBRAQUE NACIONAL-2P-PN; N/A;-1;-1;-1;-1;-1;-1;-1;-1;-1;-1;-1
 M1-162-0; BEAM; FBEAM; N2-L21-162-DL- EMBRAQUE NACIONAL-2P-PN; N/A;-1;-1;-1;-1;-1;-1;-1;-1;-1;-1;-1
 M1-231-0; PHOTO; SMOKE; N2-L21-231-DF-CORREDOR DES INTER-2P-PN; N/A;-1;-1;-1;-1;-1;-1;-1;-1;-1;-1;-1
 M2-1-0; PHOTO; SMOKE; N2-L22-001-DF-AREA RAIO X-1P-PN; N/A;-1;-1;-1;-1;-1;-1;-1;-1;-1;-1;-1
 M2-2-0; PHOTO; SMOKE; N2-L22-002-DF-AREA RAIO X-1P-PN; N/A;-1;-1;-1;-1;-1;-1;-1;-1;-1;-1;-1
 M2-3-0; PHOTO; SMOKE; N2-L22-003-DF-AREA RAIO X-1P-PN; N/A;-1;-1;-1;-1;-1;-1;-1;-1;-1;-1;-1
 M2-4-0; PHOTO; SMOKE; N2-L22-004-DF-AREA RAIO X-1P-PN; N/A;-1;-1;-1;-1;-1;-1;-1;-1;-1;-1;-1
 M2-5-0; PHOTO; SMOKE; N2-L22-005-DF-AREA RAIO X-1P-PN; N/A;-1;-1;-1;-1;-1;-1;-1;-1;-1;-1;-1
 M2-6-0; PHOTO; SMOKE; N2-L22-006-DF-AREA RAIO X-1P-PN; N/A;-1;-1;-1;-1;-1;-1;-1;-1;-1;-1;-1
 M2-7-0; PHOTO; SMOKE; N2-L22-007-DF-AREA RAIO X-1P-PN; N/A;-1;-1;-1;-1;-1;-1;-1;-1;-1;-1;-1
 M2-8-0; PHOTO; SMOKE; N2-L22-008-DF-AREA RAIO X-1P-PN; N/A;-1;-1;-1;-1;-1;-1;-1;-1;-1;-1;-1
 M2-9-0; PHOTO; SMOKE; N2-L22-009-DF-AREA RAIO X-1P-PN; N/A;-1;-1;-1;-1;-1;-1;-1;-1;-1;-1;-1
 M2-10-0; PHOTO; SMOKE; N2-L22-010-DF-AREA RAIO X-1P-PN; N/A;-1;-1;-1;-1;-1;-1;-1;-1;-1;-1;-1
 M2-11-0; PHOTO; SMOKE; N2-L22-011-DF-AREA RAIO X-1P-PN; N/A;-1;-1;-1;-1;-1;-1;-1;-1;-1;-1;-1
 M2-12-0; PHOTO; SMOKE; N2-L22-012-DF-AREA RAIO X-1P-PN; N/A;-1;-1;-1;-1;-1;-1;-1;-1;-1;-1;-1
 M2-13-0; PHOTO; SMOKE; N2-L22-013-DF-AREA RAIO X-1P-PN; N/A;-1;-1;-1;-1;-1;-1;-1;-1;-1;-1;-1
 M2-14-0; PHOTO; SMOKE; N2-L22-014-DF-AREA RAIO X-1P-PN; N/A;-1;-1;-1;-1;-1;-1;-1;-1;-1;-1;-1
 M2-15-0; PHOTO; SMOKE; N2-L22-015-DF-WC 115-1P-PN; N/A;-1;-1;-1;-1;-1;-1;-1;-1;-1;-1;-1
 M2-16-0; PHOTO; SMOKE; N2-L22-016-DF-WC 115-1P-PN; N/A;-1;-1;-1;-1;-1;-1;-1;-1;-1;-1;-1
 M2-17-0; PHOTO; SMOKE; N2-L22-017-DF-WC 115-1P-PN; N/A;-1;-1;-1;-1;-1;-1;-1;-1;-1;-1;-1
 M2-18-0; PHOTO; SMOKE; N2-L22-018-DF-ENTRADA GATE 18-1P-PN; N/A;-1;-1;-1;-1;-1;-1;-1;-1;-1;-1;-1
 M2-19-0; PHOTO; SMOKE; N2-L22-019-DF-ENTRADA GATE 18-1P-PN; N/A;-1;-1;-1;-1;-1;-1;-1;-1;-1;-1;-1
 M2-20-0; ADRPUL; PULL; N2-L22-020-AM-EM FRENTE WC 115-1P-PN; N/A;-1;-1;-1;-1;-1;-1;-1;-1;-1;-1;-1
 M2-21-0; RIAM; RELAY; N2-L22-021-MR-GATE 18-1P-PN; N/A;-1;-1;-1;-1;-1;-1;-1;-1;-1;-1;-1
 M2-22-0; PHOTO; SMOKE; N2-L22-022-DF-GATE 18-1P-PN; N/A;-1;-1;-1;-1;-1;-1;-1;-1;-1;-1;-1
 M2-23-0; PHOTO; SMOKE; N2-L22-023-DF-GATE 18-1P-PN; N/A;-1;-1;-1;-1;-1;-1;-1;-1;-1;-1;-1
 M2-24-0; PHOTO; SMOKE; N2-L22-024-DF-GATE 18-1P-PN; N/A;-1;-1;-1;-1;-1;-1;-1;-1;-1;-1;-1
 M2-25-0; ADRPUL; PULL; N2-L22-025-AM-GATE 18-1P-PN; N/A;-1;-1;-1;-1;-1;-1;-1;-1;-1;-1;-1
 M2-26-0; RIAM; RELAY; N2-L22-026-MR-GATE 18-1P-PN; N/A;-1;-1;-1;-1;-1;-1;-1;-1;-1;-1;-1
 M2-27-0; PHOTO; SMOKE; N2-L22-027-DF-GATE 18-1P-PN; N/A;-1;-1;-1;-1;-1;-1;-1;-1;-1;-1;-1
 M2-28-0; PHOTO; SMOKE; N2-L22-028-DF-GATE 18-1P-PN; N/A;-1;-1;-1;-1;-1;-1;-1;-1;-1;-1;-1
 M2-30-0; RIAM; RELAY; N2-L22-030-MR-GATE 18-1P-PN; N/A;-1;-1;-1;-1;-1;-1;-1;-1;-1;-1;-1
 M2-31-0; PHOTO; SMOKE; N2-L22-031-DF-GATE 18-1P-PN; N/A;-1;-1;-1;-1;-1;-1;-1;-1;-1;-1;-1
 M2-32-0; PHOTO; SMOKE; N2-L22-032-DF-EMB REMOTO-1P-PN; N/A;-1;-1;-1;-1;-1;-1;-1;-1;-1;-1;-1
 M2-33-0; PHOTO; SMOKE; N2-L22-033-DF-EMB REMOTO-1P-PN; N/A;-1;-1;-1;-1;-1;-1;-1;-1;-1;-1;-1
 M2-35-0; RIAM; RELAY; N2-L22-035-MR-EMB REMOTO-1P-PN; N/A;-1;-1;-1;-1;-1;-1;-1;-1;-1;-1;-1
 M2-36-0; ADRPUL; PULL; N2-L22-036-AM-AREA SAIDA EMERGENCI-1P-PN; N/A;-1;-1;-1;-1;-1;-1;-1;-1;-1;-1;-1
 M2-37-0; RIAM; RELAY; N2-L22-037-MR-AREA SAIDA EMERGENCI-1P-PN; N/A;-1;-1;-1;-1;-1;-1;-1;-1;-1;-1;-1
 M2-38-0; ADRPUL; PULL; N2-L22-038-AM-EM FRENTE WC-117-1P-PN; N/A;-1;-1;-1;-1;-1;-1;-1;-1;-1;-1;-1
 M2-39-0; PHOTO; SMOKE; N2-L22-039-DF-WC-117-1P-PN; N/A;-1;-1;-1;-1;-1;-1;-1;-1;-1;-1;-1
 M2-40-0; PHOTO; SMOKE; N2-L22-040-DF-EMB REMOTO-1P-PN; N/A;-1;-1;-1;-1;-1;-1;-1;-1;-1;-1;-1
 M2-41-0; RIAM; RELAY; N2-L22-041-MR-GATE 17-1P-PN; N/A;-1;-1;-1;-1;-1;-1;-1;-1;-1;-1;-1
 M2-42-0; PHOTO; SMOKE; N2-L22-042-DF-GATE 17-1P-PN; N/A;-1;-1;-1;-1;-1;-1;-1;-1;-1;-1;-1
 M2-43-0; PHOTO; SMOKE; N2-L22-043-DF-GATE 17-1P-PN; N/A;-1;-1;-1;-1;-1;-1;-1;-1;-1;-1;-1
 M2-44-0; PHOTO; SMOKE; N2-L22-044-DF-GATE 17-1P-PN; N/A;-1;-1;-1;-1;-1;-1;-1;-1;-1;-1;-1
 M2-45-0; PHOTO; SMOKE; N2-L22-045-DF-GATE 17-1P-PN; N/A;-1;-1;-1;-1;-1;-1;-1;-1;-1;-1;-1
 M2-46-0; RIAM; RELAY; N2-L22-046-MR-GATE 17-1P-PN; N/A;-1;-1;-1;-1;-1;-1;-1;-1;-1;-1;-1
 M2-47-0; PHOTO; SMOKE; N2-L22-047-DF-GATE 17-1P-PN; N/A;-1;-1;-1;-1;-1;-1;-1;-1;-1;-1;-1
 M2-48-0; PHOTO; SMOKE; N2-L22-048-DF-GATE 17-1P-PN; N/A;-1;-1;-1;-1;-1;-1;-1;-1;-1;-1;-1
 M2-49-0; PHOTO; SMOKE; N2-L22-049-DF-GATE 17-1P-PN; N/A;-1;-1;-1;-1;-1;-1;-1;-1;-1;-1;-1
 M2-50-0; RIAM; RELAY; N2-L22-050-MR-GATE 17-1P-PN; N/A;-1;-1;-1;-1;-1;-1;-1;-1;-1;-1;-1
 M2-51-0; PHOTO; SMOKE; N2-L22-051-DF-WC-117-1P-PN; N/A;-1;-1;-1;-1;-1;-1;-1;-1;-1;-1;-1
 M2-52-0; RIAM; RELAY; N2-L22-052-MR-EMB REVERSIVEL-1P-PN; N/A;-1;-1;-1;-1;-1;-1;-1;-1;-1;-1;-1
 M2-53-0; PHOTO; SMOKE; N2-L22-053-DF-GATE 16-1P-PN; N/A;-1;-1;-1;-1;-1;-1;-1;-1;-1;-1;-1
 M2-54-0; PHOTO; SMOKE; N2-L22-054-DF-GATE 16-1P-PN; N/A;-1;-1;-1;-1;-1;-1;-1;-1;-1;-1;-1
 M2-55-0; PHOTO; SMOKE; N2-L22-055-DF-GATE 16-1P-PN; N/A;-1;-1;-1;-1;-1;-1;-1;-1;-1;-1;-1
 M2-56-0; ADRPUL; PULL; N2-L22-056-AM-GATE 16-1P-PN; N/A;-1;-1;-1;-1;-1;-1;-1;-1;-1;-1;-1
 M2-57-0; RIAM; RELAY; N2-L22-057-MR-GATE 16-1P-PN; N/A;-1;-1;-1;-1;-1;-1;-1;-1;-1;-1;-1
 M2-59-0; PHOTO; SMOKE; N2-L22-059-DF-EMB REMOTO-1P-PN; N/A;-1;-1;-1;-1;-1;-1;-1;-1;-1;-1;-1
 M2-60-0; PHOTO; SMOKE; N2-L22-060-DF-GATE 16-1P-PN; N/A;-1;-1;-1;-1;-1;-1;-1;-1;-1;-1;-1
 M2-61-0; PHOTO; SMOKE; N2-L22-061-DF-GATE 16-1P-PN; N/A;-1;-1;-1;-1;-1;-1;-1;-1;-1;-1;-1
 M2-62-0; PHOTO; SMOKE; N2-L22-062-DF-EMB REVERSIVEL-1P-PN; N/A;-1;-1;-1;-1;-1;-1;-1;-1;-1;-1;-1
 M2-63-0; RIAM; RELAY; N2-L22-063-MR-EMB REVERSIVEL-1P-PN; N/A;-1;-1;-1;-1;-1;-1;-1;-1;-1;-1;-1
 M2-64-0; PHOTO; SMOKE; N2-L22-064-DF-EMB REVERSIVEL-1P-PN; N/A;-1;-1;-1;-1;-1;-1;-1;-1;-1;-1;-1
 M2-65-0; PHOTO; SMOKE; N2-L22-065-DF-EMB REVERSIVEL-1P-PN; N/A;-1;-1;-1;-1;-1;-1;-1;-1;-1;-1;-1
 M2-66-0; PHOTO; SMOKE; N2-L22-066-DF-WC-117-1P-PN; N/A;-1;-1;-1;-1;-1;-1;-1;-1;-1;-1;-1
 M2-67-0; PHOTO; SMOKE; N2-L22-067-DF-WC-117-1P-PN; N/A;-1;-1;-1;-1;-1;-1;-1;-1;-1;-1;-1
 M2-69-0; PHOTO; SMOKE; N2-L22-069-DF-WC-117-1P-PN; N/A;-1;-1;-1;-1;-1;-1;-1;-1;-1;-1;-1
 M2-70-0; PHOTO; SMOKE; N2-L22-070-DF-WC-117-1P-PN; N/A;-1;-1;-1;-1;-1;-1;-1;-1;-1;-1;-1
 M2-71-0; ADRPUL; PULL; N2-L22-071-AM-EM FRENTE WC-117-1P-PN; N/A;-1;-1;-1;-1;-1;-1;-1;-1;-1;-1;-1
 M2-72-0; PHOTO; SMOKE; N2-L22-072-DF-WC-117-1P-PN; N/A;-1;-1;-1;-1;-1;-1;-1;-1;-1;-1;-1
 M2-73-0; PHOTO; SMOKE; N2-L22-073-DF-WC-117-1P-PN; N/A;-1;-1;-1;-1;-1;-1;-1;-1;-1;-1;-1
 M2-74-0; PHOTO; SMOKE; N2-L22-074-DF-WC-117-1P-PN; N/A;-1;-1;-1;-1;-1;-1;-1;-1;-1;-1;-1
 M2-75-0; PHOTO; SMOKE; N2-L22-075-DF-WC-117-1P-PN; N/A;-1;-1;-1;-1;-1;-1;-1;-1;-1;-1;-1
 M2-76-0; PHOTO; SMOKE; N2-L22-076-DF-WC-117-1P-PN; N/A;-1;-1;-1;-1;-1;-1;-1;-1;-1;-1;-1
 M2-80-0; PHOTO; SMOKE; N2-L22-80-DF-AREA SAIDA EMERGENCIA-1P-PN; N/A;-1;-1;-1;-1;-1;-1;-1;-1;-1;-1;-1
 M2-81-0; RIAM; RELAY; N2-L22-81-MR-AREA SAIDA EMERGENCIA-1P-PN; N/A;-1;-1;-1;-1;-1;-1;-1;-1;-1;-1;-1
 M2-82-0; PHOTO; SMOKE; N2-L22-082-DF-AREA RAIO X-1P-PN; N/A;-1;-1;-1;-1;-1;-1;-1;-1;-1;-1;-1
 M2-83-0; RIAM; RELAY; N2-L22-83-MR-AREA SAIDA EMERGENCIA-1P-PN; N/A;-1;-1;-1;-1;-1;-1;-1;-1;-1;-1;-1
 M2-84-0; PHOTO; SMOKE; N2-L22-084-DF-EMB REMOTO-1P-PN; N/A;-1;-1;-1;-1;-1;-1;-1;-1;-1;-1;-1
 M2-85-0; PHOTO; SMOKE; N2-L22-085-DF-EMB REMOTO-1P-PN; N/A;-1;-1;-1;-1;-1;-1;-1;-1;-1;-1;-1
 M2-86-0; PHOTO; SMOKE; N2-L22-086-DF-WC 115-1P-PN; N/A;-1;-1;-1;-1;-1;-1;-1;-1;-1;-1;-1
 M2-87-0; PHOTO; SMOKE; N2-L22-087-DF-WC 115-1P-PN; N/A;-1;-1;-1;-1;-1;-1;-1;-1;-1;-1;-1
 M2-88-0; PHOTO; SMOKE; N2-L22-088-DF-WC 115-1P-PN; N/A;-1;-1;-1;-1;-1;-1;-1;-1;-1;-1;-1
 M2-89-0; PHOTO; SMOKE; N2-L22-089-DF-WC 115-1P-PN; N/A;-1;-1;-1;-1;-1;-1;-1;-1;-1;-1;-1
 M2-90-0; PHOTO; SMOKE; N2-L22-090-DF-WC 115-1P-PN; N/A;-1;-1;-1;-1;-1;-1;-1;-1;-1;-1;-1
 M2-91-0; PHOTO; SMOKE; N2-L22-091-DF-WC 115-1P-PN; N/A;-1;-1;-1;-1;-1;-1;-1;-1;-1;-1;-1
 M2-92-0; ADRPUL; PULL; N2-L22-092-AM-EM FRENTE DFA-1P-PN; N/A;-1;-1;-1;-1;-1;-1;-1;-1;-1;-1;-1
 M2-93-0; PHOTO; SMOKE; N2-L22-093-DF-WC-117-1P-PN; N/A;-1;-1;-1;-1;-1;-1;-1;-1;-1;-1;-1
 M2-94-0; PHOTO; SMOKE; N2-L22-094-DF-WC-117-1P-PN; N/A;-1;-1;-1;-1;-1;-1;-1;-1;-1;-1;-1
 M2-95-0; PHOTO; SMOKE; N2-L22-095-DF-WC-117-1P-PN; N/A;-1;-1;-1;-1;-1;-1;-1;-1;-1;-1;-1
 M2-96-0; ADRPUL; PULL; N2-L22-96-AM-AREA SAIDA EMERGENCIA-1P-PN; N/A;-1;-1;-1;-1;-1;-1;-1;-1;-1;-1;-1
 M2-97-0; PHOTO; SMOKE; N2-L22-097-DF-WC-117-1P-PN; N/A;-1;-1;-1;-1;-1;-1;-1;-1;-1;-1;-1
 M2-98-0; PHOTO; SMOKE; N2-L22-098-DF-WC-117-1P-PN; N/A;-1;-1;-1;-1;-1;-1;-1;-1;-1;-1;-1
 M2-99-0; PHOTO; SMOKE; N2-L22-099-DF-WC-117-1P-PN; N/A;-1;-1;-1;-1;-1;-1;-1;-1;-1;-1;-1
 M2-100-0; PHOTO; SMOKE; N2-L22-100-DF-WC-117-1P-PN; N/A;-1;-1;-1;-1;-1;-1;-1;-1;-1;-1;-1
 M2-101-0; PHOTO; SMOKE; N2-L22-101-DF-WC-117-1P-PN; N/A;-1;-1;-1;-1;-1;-1;-1;-1;-1;-1;-1
 M2-102-0; PHOTO; SMOKE; N2-L22-102-DF-WC-117-1P-PN; N/A;-1;-1;-1;-1;-1;-1;-1;-1;-1;-1;-1
 M2-103-0; PHOTO; SMOKE; N2-L22-103-DF-WC-117-1P-PN; N/A;-1;-1;-1;-1;-1;-1;-1;-1;-1;-1;-1
 M2-105-0; PHOTO; SMOKE; N2-L22-105-DF-WC-117-1P-PN; N/A;-1;-1;-1;-1;-1;-1;-1;-1;-1;-1;-1
 M2-106-0; PHOTO; SMOKE; N2-L22-106-DF-WC-117-1P-PN; N/A;-1;-1;-1;-1;-1;-1;-1;-1;-1;-1;-1
 M2-108-0; PHOTO; SMOKE; N2-L22-108-DF-WC-117-1P-PN; N/A;-1;-1;-1;-1;-1;-1;-1;-1;-1;-1;-1
 M2-109-0; PHOTO; SMOKE; N2-L22-109-DF-WC 115-1P-PN; N/A;-1;-1;-1;-1;-1;-1;-1;-1;-1;-1;-1
 M2-110-0; PHOTO; SMOKE; N2-L22-110-DF-WC 115-1P-PN; N/A;-1;-1;-1;-1;-1;-1;-1;-1;-1;-1;-1
 M2-111-0; PHOTO; SMOKE; N2-L22-111-DF-WC 115-1P-PN; N/A;-1;-1;-1;-1;-1;-1;-1;-1;-1;-1;-1
 M2-112-0; PHOTO; SMOKE; N2-L22-112-DF-WC 115-1P-PN; N/A;-1;-1;-1;-1;-1;-1;-1;-1;-1;-1;-1
 M2-113-0; PHOTO; SMOKE; N2-L22-113-DF-WC 115-1P-PN; N/A;-1;-1;-1;-1;-1;-1;-1;-1;-1;-1;-1
 M2-114-0; PHOTO; SMOKE; N2-L22-114-DF-WC 115-1P-PN; N/A;-1;-1;-1;-1;-1;-1;-1;-1;-1;-1;-1
 M2-116-0; PHOTO; SMOKE; N2-L22-116-DF-WC 115-1P-PN; N/A;-1;-1;-1;-1;-1;-1;-1;-1;-1;-1;-1
 M2-117-0; PHOTO; SMOKE; N2-L22-117-DF-WC 115-1P-PN; N/A;-1;-1;-1;-1;-1;-1;-1;-1;-1;-1;-1
 M2-118-0; PHOTO; SMOKE; N2-L22-118-DF-WC 115-1P-PN; N/A;-1;-1;-1;-1;-1;-1;-1;-1;-1;-1;-1
 M2-120-0; PHOTO; SMOKE; N2-L22-120-DF-WC-117-1P-PN; N/A;-1;-1;-1;-1;-1;-1;-1;-1;-1;-1;-1
 M2-122-0; RIAM; RELAY; N2-L22-122-MR-AREA RAIO X-1P-PN; N/A;-1;-1;-1;-1;-1;-1;-1;-1;-1;-1;-1
 M2-123-0; MBZAM; FIRE; N2-L22-123-MZ-LOJA DFA-1P-PN; N/A;-1;-1;-1;-1;-1;-1;-1;-1;-1;-1;-1
 M2-124-0; MBZAM; FIRE; N2-L22-059-MZ-LOJA RAS-110-1P-PN; N/A;-1;-1;-1;-1;-1;-1;-1;-1;-1;-1;-1
 M2-125-0; PHOTO; SMOKE; N2-L22-125-DF-LADO INTERNACIONAL-1P-PN; N/A;-1;-1;-1;-1;-1;-1;-1;-1;-1;-1;-1
 M2-126-0; PHOTO; SMOKE; N2-L22-126-DF-EMB REVERSIVEL-1P-PN; N/A;-1;-1;-1;-1;-1;-1;-1;-1;-1;-1;-1
 M2-127-0; PHOTO; SMOKE; N2-L22-127-DF-EMB REVERSIVEL-1P-PN; N/A;-1;-1;-1;-1;-1;-1;-1;-1;-1;-1;-1
 M2-128-0; PHOTO; SMOKE; N2-L22-128-DF-EMB REVERSIVEL-1P-PN; N/A;-1;-1;-1;-1;-1;-1;-1;-1;-1;-1;-1
 M2-130-0; RIAM; RELAY;  N2-L22-130-MR-GATE 18-1P-PN; N/A;-1;-1;-1;-1;-1;-1;-1;-1;-1;-1;-1
 M2-131-0; PHOTO; SMOKE; N2-L22-131-DF-GATE 17-1P-PN; N/A;-1;-1;-1;-1;-1;-1;-1;-1;-1;-1;-1
 M2-132-0; PHOTO; SMOKE; N2-L22-132-DF-GATE 17-1P-PN; N/A;-1;-1;-1;-1;-1;-1;-1;-1;-1;-1;-1
 M2-133-0; PHOTO; SMOKE; N2-L22-133-DF-GATE 17-1P-PN; N/A;-1;-1;-1;-1;-1;-1;-1;-1;-1;-1;-1
 M2-134-0; PHOTO; SMOKE; N2-L22-134-DF-GATE 17-1P-PN; N/A;-1;-1;-1;-1;-1;-1;-1;-1;-1;-1;-1
 M2-135-0; PHOTO; SMOKE; N2-L22-135-DF-GATE 17-1P-PN; N/A;-1;-1;-1;-1;-1;-1;-1;-1;-1;-1;-1
 M2-136-0; PHOTO; SMOKE; N2-L22-136-DF-GATE 17-1P-PN; N/A;-1;-1;-1;-1;-1;-1;-1;-1;-1;-1;-1
 M2-137-0; PHOTO; SMOKE; N2-L22-137-DF-GATE 17-1P-PN; N/A;-1;-1;-1;-1;-1;-1;-1;-1;-1;-1;-1
 M2-138-0; ADRPUL; PULL; N2-L22-138-AM-GATE 17-1P-PN; N/A;-1;-1;-1;-1;-1;-1;-1;-1;-1;-1;-1
 M2-139-0; PHOTO; SMOKE; N2-L22-139-DF-GATE 16-1P-PN; N/A;-1;-1;-1;-1;-1;-1;-1;-1;-1;-1;-1
 M2-140-0; PHOTO; SMOKE; N2-L22-140-DF-GATE 16-1P-PN; N/A;-1;-1;-1;-1;-1;-1;-1;-1;-1;-1;-1
 M2-141-0; PHOTO; SMOKE; N2-L22-141-DF-GATE 16-1P-PN; N/A;-1;-1;-1;-1;-1;-1;-1;-1;-1;-1;-1
 M2-142-0; PHOTO; SMOKE; N2-L22-142-DF-GATE 16-1P-PN; N/A;-1;-1;-1;-1;-1;-1;-1;-1;-1;-1;-1
 M2-143-0; PHOTO; SMOKE; N2-L22-143-DF-GATE 16-1P-PN; N/A;-1;-1;-1;-1;-1;-1;-1;-1;-1;-1;-1
 M2-144-0; PHOTO; SMOKE; N2-L22-144-DF-GATE 16-1P-PN; N/A;-1;-1;-1;-1;-1;-1;-1;-1;-1;-1;-1
 M2-145-0; RIAM; RELAY; N2-L22-145-MR-GATE 17-1P-PN; N/A;-1;-1;-1;-1;-1;-1;-1;-1;-1;-1;-1
 M2-146-0; PHOTO; SMOKE; N2-L22-146-DF-GATE 16-1P-PN; N/A;-1;-1;-1;-1;-1;-1;-1;-1;-1;-1;-1
 M2-148-0; PHOTO; SMOKE; N2-L22-148-DF-GATE 16-1P-PN; N/A;-1;-1;-1;-1;-1;-1;-1;-1;-1;-1;-1
 M2-149-0; PHOTO; SMOKE; N2-L22-149-DF-GATE 16-1P-PN; N/A;-1;-1;-1;-1;-1;-1;-1;-1;-1;-1;-1
 M2-150-0; ADRPUL; PULL; N2-L22-150-AM-RAIO X-1P-PN; N/A;-1;-1;-1;-1;-1;-1;-1;-1;-1;-1;-1
 M2-152-0; PHOTO; SMOKE; N2-L22-152-DF-WC 115-1P-PN; N/A;-1;-1;-1;-1;-1;-1;-1;-1;-1;-1;-1
 M2-153-0; PHOTO; SMOKE; N2-L22-153-DF-WC 115-1P-PN; N/A;-1;-1;-1;-1;-1;-1;-1;-1;-1;-1;-1
 M2-154-0; PHOTO; SMOKE; N2-L22-154-DF-WC 115-1P-PN; N/A;-1;-1;-1;-1;-1;-1;-1;-1;-1;-1;-1
 M2-160-0; PHOTO; SMOKE; N2-L22-160-DF-GATE 18-1P-PN; N/A;-1;-1;-1;-1;-1;-1;-1;-1;-1;-1;-1
 M2-161-0; PHOTO; SMOKE; N2-L22-161-DF-GATE 18-1P-PN; N/A;-1;-1;-1;-1;-1;-1;-1;-1;-1;-1;-1
 M2-162-0; PHOTO; SMOKE; N2-L22-162-DF-GATE 18-1P-PN; N/A;-1;-1;-1;-1;-1;-1;-1;-1;-1;-1;-1
 M2-164-0; PHOTO; SMOKE; N2-L22-164-DF-GATE 18-1P-PN; N/A;-1;-1;-1;-1;-1;-1;-1;-1;-1;-1;-1
 M2-166-0; PHOTO; SMOKE; N2-L22-166-DF-GATE 18-1P-PN; N/A;-1;-1;-1;-1;-1;-1;-1;-1;-1;-1;-1
 M2-187-0; PHOTO; SMOKE; N2-L22-187-DF-GATE 18-1P-PN; N/A;-1;-1;-1;-1;-1;-1;-1;-1;-1;-1;-1
 M2-192-0; ADRPUL; PULL; N2-L22-192-AM-EMB REVERSIVEL-1P-PN; N/A;-1;-1;-1;-1;-1;-1;-1;-1;-1;-1;-1
 M2-236-0; RIAM; RELAY; N2-L22-236-MR-GATE 16-1P-PN; N/A;-1;-1;-1;-1;-1;-1;-1;-1;-1;-1;-1
 M3-1-0; RIAM; RELAY; N2-L23-001-MR-GATE 22 EMBAR DOMES-1P-PN; N/A;-1;-1;-1;-1;-1;-1;-1;-1;-1;-1;-1
 M3-2-0; PHOTO; SMOKE; N2-L23-002-DF-GATE 22 EMBAR DOMES-1P-PN; N/A;-1;-1;-1;-1;-1;-1;-1;-1;-1;-1;-1
 M3-3-0; PHOTO; SMOKE; N2-L23-003-DF-GATE 22 EMBAR DOMES-1P-PN ; N/A;-1;-1;-1;-1;-1;-1;-1;-1;-1;-1;-1
 M3-4-0; PHOTO; SMOKE; N2-L23-004-DF-GATE 22 EMBAR DOMES-1P-PN; N/A;-1;-1;-1;-1;-1;-1;-1;-1;-1;-1;-1
 M3-5-0; ADRPUL; PULL; N2-L23-005-AM-GATE 22 EMBAR DOMES-1P-PN; N/A;-1;-1;-1;-1;-1;-1;-1;-1;-1;-1;-1
 M3-6-0; RIAM; RELAY; N2-L23-006-MR-GATE 22 EMBAR DOMES-1P-PN; N/A;-1;-1;-1;-1;-1;-1;-1;-1;-1;-1;-1
 M3-7-0; ADRPUL; PULL; N2-L23-007-DF-GATE 22 EMBAR DOMES-1P-PN; N/A;-1;-1;-1;-1;-1;-1;-1;-1;-1;-1;-1
 M3-8-0; RIAM; RELAY; N2-L23-008-MR-CASA MAQUINAS CPW-02-TE-PN; N/A;-1;-1;-1;-1;-1;-1;-1;-1;-1;-1;-1
 M3-9-0; PHOTO; SMOKE; N2-L23-009-DF-CASA MAQUINAS CPW-02-TE-PN; N/A;-1;-1;-1;-1;-1;-1;-1;-1;-1;-1;-1
 M3-10-0; PHOTO; SMOKE; N2-L23-010-DF-CASA MAQUINAS CPW-02-TE-PN; N/A;-1;-1;-1;-1;-1;-1;-1;-1;-1;-1;-1
 M3-11-0; PHOTO; SMOKE; N2-L23-011-DF-CASA MAQUINAS CPW-02-TE-PN; N/A;-1;-1;-1;-1;-1;-1;-1;-1;-1;-1;-1
 M3-12-0; PHOTO; SMOKE; N2-L23-012-DF-CASA MAQUINAS CPW-02-TE-PN; N/A;-1;-1;-1;-1;-1;-1;-1;-1;-1;-1;-1
 M3-13-0; IAM; FIRE; N2-L23-013-MM-SL BACKUP VESDA-TE-PN; N/A;-1;-1;-1;-1;-1;-1;-1;-1;-1;-1;-1
 M3-14-0; ADRPUL; PULL; N2-L23-014-AM-CASA MAQUINAS CPW-02-TE-PN; N/A;-1;-1;-1;-1;-1;-1;-1;-1;-1;-1;-1
 M3-15-0; ADRPUL; PULL; N2-L23-015-AM-CASA MAQUINAS CPW-02-TE-PN; N/A;-1;-1;-1;-1;-1;-1;-1;-1;-1;-1;-1
 M3-16-0; PHOTO; SMOKE; N2-L23-016-DF-CASA MAQUINAS CPW-02-TE-PN; N/A;-1;-1;-1;-1;-1;-1;-1;-1;-1;-1;-1
 M3-17-0; PHOTO; SMOKE; N2-L23-017-DF-CASA MAQUINAS CPW-02-TE-PN; N/A;-1;-1;-1;-1;-1;-1;-1;-1;-1;-1;-1
 M3-18-0; PHOTO; SMOKE; N2-L23-018-DT-CASA MAQUINAS CPW-02-TE-PN; N/A;-1;-1;-1;-1;-1;-1;-1;-1;-1;-1;-1
 M3-19-0; PHOTO; SMOKE; N2-L23-019-DF-CASA MAQUINAS CPW-02-TE-PN; N/A;-1;-1;-1;-1;-1;-1;-1;-1;-1;-1;-1
 M3-20-0; PHOTO; SMOKE; N2-L23-020-DF-GATE 21 EMBAR DOMES-1P-PN; N/A;-1;-1;-1;-1;-1;-1;-1;-1;-1;-1;-1
 M3-21-0; PHOTO; SMOKE; N2-L23-021-DF-CASA MAQ SETOR 11-1P-PN; N/A;-1;-1;-1;-1;-1;-1;-1;-1;-1;-1;-1
 M3-22-0; PHOTO; SMOKE; N2-L23-022-DF-GATE 21 EMBAR DOMES-1P-PN; N/A;-1;-1;-1;-1;-1;-1;-1;-1;-1;-1;-1
 M3-23-0; ADRPUL; PULL; N2-L23-023-AM-GATE 21 EMBAR DOMES-1P-PN; N/A;-1;-1;-1;-1;-1;-1;-1;-1;-1;-1;-1
 M3-24-0; RIAM; RELAY; N2-L23-024-MR-GATE 21 EMBAR DOMES-1P-PN; N/A;-1;-1;-1;-1;-1;-1;-1;-1;-1;-1;-1
 M3-25-0; ADRPUL; PULL; N2-L23-025-AM-GATE 21 EMBAR DOMES-1P-PN; N/A;-1;-1;-1;-1;-1;-1;-1;-1;-1;-1;-1
 M3-26-0; ADRPUL; PULL; N2-L23-026-AM-GATE 20 EMBAR DOMES-1P-PN; N/A;-1;-1;-1;-1;-1;-1;-1;-1;-1;-1;-1
 M3-27-0; PHOTO; SMOKE; N2-L23-027-DF-DEPOSITO-1P-PN; N/A;-1;-1;-1;-1;-1;-1;-1;-1;-1;-1;-1
 M3-28-0; RIAM; RELAY; N2-L23-028-MR-INTEGRACAO SDI  SOM -1P-PN; N/A;-1;-1;-1;-1;-1;-1;-1;-1;-1;-1;-1
 M3-30-0; RIAM; RELAY; N2-L23-030-MR-GATE 19 EMBAR DOMES-1P-PN; N/A;-1;-1;-1;-1;-1;-1;-1;-1;-1;-1;-1
 M3-31-0; PHOTO; SMOKE; N2-L23-031-DF-GATE 19 EMBAR DOMES-1P-PN; N/A;-1;-1;-1;-1;-1;-1;-1;-1;-1;-1;-1
 M3-32-0; PHOTO; SMOKE; N2-L23-032-DF-GATE 19 EMBAR DOMES-1P-PN; N/A;-1;-1;-1;-1;-1;-1;-1;-1;-1;-1;-1
 M3-33-0; PHOTO; SMOKE; N2-L23-033-DF-GATE 19 EMBAR DOMES-1P-PN; N/A;-1;-1;-1;-1;-1;-1;-1;-1;-1;-1;-1
 M3-34-0; PHOTO; SMOKE; N2-L23-034-DF-ESC LIN AEREAS-1P-PN; N/A;-1;-1;-1;-1;-1;-1;-1;-1;-1;-1;-1
 M3-35-0; RIAM; RELAY; N2-L23-035-MR-GATE 19 EMBAR DOMES-1P-PN; N/A;-1;-1;-1;-1;-1;-1;-1;-1;-1;-1;-1
 M3-37-0; ADRPUL; PULL; N2-L23-037-AM-GATE 19 EMBAR DOMES-TE-PN; N/A;-1;-1;-1;-1;-1;-1;-1;-1;-1;-1;-1
 M3-38-0; PHOTO; SMOKE; N2-L23-038-DF-ESC LIN AEREAS-TE-PN; N/A;-1;-1;-1;-1;-1;-1;-1;-1;-1;-1;-1
 M3-39-0; PHOTO; SMOKE; N2-L23-039-DF-WC-012-TE-PN; N/A;-1;-1;-1;-1;-1;-1;-1;-1;-1;-1;-1
 M3-40-0; PHOTO; SMOKE; N2-L23-040-DF-WC-012-TE-PN; N/A;-1;-1;-1;-1;-1;-1;-1;-1;-1;-1;-1
 M3-41-0; PHOTO; SMOKE; N2-L23-041-DF-WC-012-1P-PN; N/A;-1;-1;-1;-1;-1;-1;-1;-1;-1;-1;-1
 M3-42-0; PHOTO; SMOKE; N2-L23-042-DF-WC-012-1P-PN; N/A;-1;-1;-1;-1;-1;-1;-1;-1;-1;-1;-1
 M3-43-0; PHOTO; SMOKE; N2-L23-043-DF-WC-012-TE-PN; N/A;-1;-1;-1;-1;-1;-1;-1;-1;-1;-1;-1
 M3-44-0; PHOTO; SMOKE; N2-L23-044-DF-WC-012-TE-PN; N/A;-1;-1;-1;-1;-1;-1;-1;-1;-1;-1;-1
 M3-45-0; PHOTO; SMOKE; N2-L23-045-DF-WC-012-TE-PN; N/A;-1;-1;-1;-1;-1;-1;-1;-1;-1;-1;-1
 M3-46-0; PHOTO; SMOKE; N2-L23-046-DF-WC-012-TE-PN; N/A;-1;-1;-1;-1;-1;-1;-1;-1;-1;-1;-1
 M3-47-0; PHOTO; SMOKE; N2-L23-047-DF-SM-107-TE-PN; N/A;-1;-1;-1;-1;-1;-1;-1;-1;-1;-1;-1
 M3-48-0; PHOTO; SMOKE; N2-L23-048-DF-SE-106-TE-PN; N/A;-1;-1;-1;-1;-1;-1;-1;-1;-1;-1;-1
 M3-49-0; ADRPUL; PULL; N2-L23-49-AM-CORRE FRENTE TET-012-TE-PN; N/A;-1;-1;-1;-1;-1;-1;-1;-1;-1;-1;-1
 M3-50-0; PHOTO; SMOKE; N2-L23-050-DF-CORRE FRENTE TET-012-TE-PN; N/A;-1;-1;-1;-1;-1;-1;-1;-1;-1;-1;-1
 M3-51-0; RIAM; RELAY; N2-L23-051-MR-GATE 19 EMBAR DOMES-TE-PN; N/A;-1;-1;-1;-1;-1;-1;-1;-1;-1;-1;-1
 M3-52-0; ADRPUL; PULL; N2-L23-052-AM-GATE 19 EMBAR DOMES-TE-PN; N/A;-1;-1;-1;-1;-1;-1;-1;-1;-1;-1;-1
 M3-53-0; PHOTO; SMOKE; N2-L23-053-DF-CORRE FRENTE TET-012-TE-PN; N/A;-1;-1;-1;-1;-1;-1;-1;-1;-1;-1;-1
 M3-54-0; PHOTO; SMOKE; N2-L23-054-DF-SALA TET 012-TE-PN; N/A;-1;-1;-1;-1;-1;-1;-1;-1;-1;-1;-1
 M3-55-0; PHOTO; SMOKE; N2-L23-055-DF-SALA TET 012-TE-PN; N/A;-1;-1;-1;-1;-1;-1;-1;-1;-1;-1;-1
 M3-56-0; PHOTO; SMOKE; N2-L23-056-DF-CAG-TE-PN; N/A;-1;-1;-1;-1;-1;-1;-1;-1;-1;-1;-1
 M3-57-0; RIAM; RELAY; N2-L23-057-MR-TE-PN; N/A;-1;-1;-1;-1;-1;-1;-1;-1;-1;-1;-1
 M3-58-0; PHOTO; SMOKE; N2-L23-058-DF-CAG-TE-PN; N/A;-1;-1;-1;-1;-1;-1;-1;-1;-1;-1;-1
 M3-59-0; PHOTO; SMOKE; N2-L23-059-DF-GATE 19 EMBAR DOMES-1P-PN; N/A;-1;-1;-1;-1;-1;-1;-1;-1;-1;-1;-1
 M3-60-0; PHOTO; SMOKE; N2-L23-060-DF-GATE 19 EMBAR DOMES-1P-PN; N/A;-1;-1;-1;-1;-1;-1;-1;-1;-1;-1;-1
 M3-61-0; PHOTO; SMOKE; N2-L23-061DF-GATE 19 EMBAR DOMES-1P-PN; N/A;-1;-1;-1;-1;-1;-1;-1;-1;-1;-1;-1
 M3-62-0; ADRPUL; PULL; N2-L23-062-AM-GATE 19 EMBAR DOMES-1P-PN; N/A;-1;-1;-1;-1;-1;-1;-1;-1;-1;-1;-1
 M3-63-0; RIAM; RELAY; N2-L23-063-MR-GATE 19 EMBAR DOMES-1P-PN; N/A;-1;-1;-1;-1;-1;-1;-1;-1;-1;-1;-1
 M3-65-0; PHOTO; SMOKE; N2-L23-065-DF-CAG-TE-PN; N/A;-1;-1;-1;-1;-1;-1;-1;-1;-1;-1;-1
 M3-66-0; ADRPUL; PULL; N2-L23-066-AM-CAG-TE-PN; N/A;-1;-1;-1;-1;-1;-1;-1;-1;-1;-1;-1
 M3-67-0; PHOTO; SMOKE; N2-L23-067-DF-CAG-TE-PN; N/A;-1;-1;-1;-1;-1;-1;-1;-1;-1;-1;-1
 M3-68-0; HEAT; HEAT; N2-L23-068-DT-SUBESTAC-04-TE-PN; N/A;-1;-1;-1;-1;-1;-1;-1;-1;-1;-1;-1
 M3-69-0; HEAT; HEAT; N2-L23-069-DT-SUBESTAC-04-TE-PN; N/A;-1;-1;-1;-1;-1;-1;-1;-1;-1;-1;-1
 M3-70-0; PHOTO; SMOKE; N2-L23-070-DF-VESTIARIO MASC-TE-PN; N/A;-1;-1;-1;-1;-1;-1;-1;-1;-1;-1;-1
 M3-71-0; PHOTO; SMOKE; N2-L23-071-DF-VESTIARIO MASC-TE-PN; N/A;-1;-1;-1;-1;-1;-1;-1;-1;-1;-1;-1
 M3-72-0; PHOTO; SMOKE; N2-L23-072-DF-SANITARIO FEM-TE-PN; N/A;-1;-1;-1;-1;-1;-1;-1;-1;-1;-1;-1
 M3-73-0; PHOTO; SMOKE; N2-L23-073-DF-VESTIARIO MASC-TE-PN; N/A;-1;-1;-1;-1;-1;-1;-1;-1;-1;-1;-1
 M3-74-0; PHOTO; SMOKE; N2-L23-074-DF-DEPOSITO SETOR 13-TE-PN; N/A;-1;-1;-1;-1;-1;-1;-1;-1;-1;-1;-1
 M3-75-0; PHOTO; SMOKE; N2-L23-075-DF-DEPOSITO SETOR 13-TE-PN; N/A;-1;-1;-1;-1;-1;-1;-1;-1;-1;-1;-1
 M3-76-0; ADRPUL; PULL; N2-L23-76-AM-FRENTE CASA MAQ SETOR-TE-PN; N/A;-1;-1;-1;-1;-1;-1;-1;-1;-1;-1;-1
 M3-77-0; RIAM; RELAY; N2-L23-77-MR-CASA MAQ AP‡S SL TET13-TEPN; N/A;-1;-1;-1;-1;-1;-1;-1;-1;-1;-1;-1
 M3-78-0; PHOTO; SMOKE; N2-L23-78-DF-CASA MAQ AP‡S SL TET13-TEPN; N/A;-1;-1;-1;-1;-1;-1;-1;-1;-1;-1;-1
 M3-79-0; PHOTO; SMOKE; N2-L23-79-DF-CASA MAQ AP‡S SL TET13-TEPN; N/A;-1;-1;-1;-1;-1;-1;-1;-1;-1;-1;-1
 M3-80-0; PHOTO; SMOKE; N2-L23-80-DF-CASA MAQ AP‡S SL TET13-TEPN; N/A;-1;-1;-1;-1;-1;-1;-1;-1;-1;-1;-1
 M3-81-0; PHOTO; SMOKE; N2-L23-81-DF-CASA MAQ AP‡S SL TET13-TEPN; N/A;-1;-1;-1;-1;-1;-1;-1;-1;-1;-1;-1
 M3-82-0; PHOTO; SMOKE; N2-L23-082-DF-SALA TET-013-TE-PN; N/A;-1;-1;-1;-1;-1;-1;-1;-1;-1;-1;-1
 M3-83-0; PHOTO; SMOKE; N2-L23-083-DF-SALA TET-013-TE-PN; N/A;-1;-1;-1;-1;-1;-1;-1;-1;-1;-1;-1
 M3-84-0; PHOTO; SMOKE; N2-L23-084-DF-SALA EL-007-TE-PN; N/A;-1;-1;-1;-1;-1;-1;-1;-1;-1;-1;-1
 M3-85-0; PHOTO; SMOKE; N2-L23-085-DF-SANITARIO MASC-TE-PN; N/A;-1;-1;-1;-1;-1;-1;-1;-1;-1;-1;-1
 M3-86-0; PHOTO; SMOKE; N2-L23-086-DF-VESTIARIO SETOR 13-TE-PN; N/A;-1;-1;-1;-1;-1;-1;-1;-1;-1;-1;-1
 M3-87-0; PHOTO; SMOKE; N2-L23-087-DF-SANITARIO MASC-TE-PN; N/A;-1;-1;-1;-1;-1;-1;-1;-1;-1;-1;-1
 M3-89-0; ADRPUL; PULL; N2-L23-089-AM-FRENTE SANITARIO FEM-TE-PN; N/A;-1;-1;-1;-1;-1;-1;-1;-1;-1;-1;-1
 M3-90-0; PHOTO; SMOKE; N2-L23-090-DF-VESTIARIO SETOR 13-TE-PN; N/A;-1;-1;-1;-1;-1;-1;-1;-1;-1;-1;-1
 M3-91-0; PHOTO; SMOKE; N2-L23-091-DF-SANITARIO FEM-TE-PN; N/A;-1;-1;-1;-1;-1;-1;-1;-1;-1;-1;-1
 M3-92-0; PHOTO; SMOKE; N2-L23-092-DF-SANITARIO FEM-TE-PN; N/A;-1;-1;-1;-1;-1;-1;-1;-1;-1;-1;-1
 M3-93-0; HEAT; HEAT; N2-L23-093-DT-SANITARIO FEM-TE-PN; N/A;-1;-1;-1;-1;-1;-1;-1;-1;-1;-1;-1
 M3-94-0; HEAT; HEAT; N2-L23-094-DT-SE-108-TE-PN; N/A;-1;-1;-1;-1;-1;-1;-1;-1;-1;-1;-1
 M3-95-0; PHOTO; SMOKE; N2-L23-95-DF-C MAQ AP‡S DESEM REMO-TE-PN; N/A;-1;-1;-1;-1;-1;-1;-1;-1;-1;-1;-1
 M3-96-0; PHOTO; SMOKE; N2-L23-96-DF-C MAQ AP‡S DESEM REMO-TE-PN; N/A;-1;-1;-1;-1;-1;-1;-1;-1;-1;-1;-1
 M3-97-0; PHOTO; SMOKE; N2-L23-97-DF-C MAQ AP‡S DESEM REMO-TE-PN; N/A;-1;-1;-1;-1;-1;-1;-1;-1;-1;-1;-1
 M3-98-0; PHOTO; SMOKE; N2-L23-98-DF-C MAQ AP‡S DESEM REMO-TE-PN; N/A;-1;-1;-1;-1;-1;-1;-1;-1;-1;-1;-1
 M3-99-0; PHOTO; SMOKE; N2-L23-99-DF-C MAQ AP‡S DESEM REMO-TE-PN; N/A;-1;-1;-1;-1;-1;-1;-1;-1;-1;-1;-1
 M3-100-0; PHOTO; SMOKE; N2-L23-100-DF-C MAQ AP‡S DESEM REMO-TEPN; N/A;-1;-1;-1;-1;-1;-1;-1;-1;-1;-1;-1
 M3-101-0; PHOTO; SMOKE; N2-L23-101-DF-C MAQ AP‡S DESEM REMO-TEPN; N/A;-1;-1;-1;-1;-1;-1;-1;-1;-1;-1;-1
 M3-102-0; ADRPUL; PULL; N2-L23-102-AM-C MAQ AP‡S DESEM REMO-TEPN; N/A;-1;-1;-1;-1;-1;-1;-1;-1;-1;-1;-1
 M3-103-0; PHOTO; SMOKE; N2-L23-103-DF-C MAQ AP‡S DESEM REMO-TEPN; N/A;-1;-1;-1;-1;-1;-1;-1;-1;-1;-1;-1
 M3-104-0; PHOTO; SMOKE; N2-L23-104-DF-C MAQ AP‡S DESEM REMO-TEPN; N/A;-1;-1;-1;-1;-1;-1;-1;-1;-1;-1;-1
 M3-105-0; PHOTO; SMOKE; N2-L23-105-DF-C MAQ AP‡S DESEM REMO-TEPN; N/A;-1;-1;-1;-1;-1;-1;-1;-1;-1;-1;-1
 M3-106-0; PHOTO; SMOKE; N2-L23-106-DF-DESEMB REMOTO-TE-PN; N/A;-1;-1;-1;-1;-1;-1;-1;-1;-1;-1;-1
 M3-107-0; ADRPUL; PULL; N2-L23-107-AM-DESEMB REMOTO-TE-PN; N/A;-1;-1;-1;-1;-1;-1;-1;-1;-1;-1;-1
 M3-110-0; PHOTO; SMOKE; N2-L23-110-DF-SALA PF-TE-PN; N/A;-1;-1;-1;-1;-1;-1;-1;-1;-1;-1;-1
 M3-111-0; PHOTO; SMOKE; N2-L23-111-DF-SALA PF-TE-PN; N/A;-1;-1;-1;-1;-1;-1;-1;-1;-1;-1;-1
 M3-112-0; PHOTO; SMOKE; N2-L23-112-DF-DESEMB REMOTO-TE-PN; N/A;-1;-1;-1;-1;-1;-1;-1;-1;-1;-1;-1
 M3-113-0; PHOTO; SMOKE; N2-L23-133-DF-SAN-012-1P-PN; N/A;-1;-1;-1;-1;-1;-1;-1;-1;-1;-1;-1
 M3-114-0; RIAM; RELAY; N2-L23-114-MR-DESEMB REMOTO-TE-PN; N/A;-1;-1;-1;-1;-1;-1;-1;-1;-1;-1;-1
 M3-115-0; PHOTO; SMOKE; N2-L23-115-DF-DESEMB REMOTO-1P-PN; N/A;-1;-1;-1;-1;-1;-1;-1;-1;-1;-1;-1
 M3-116-0; PHOTO; SMOKE; N2-L23-116-DF-DEPOSITO-TE-PN; N/A;-1;-1;-1;-1;-1;-1;-1;-1;-1;-1;-1
 M3-117-0; IAM; FIRE; N2-L23-117-CF-FF-003-COMB A INCEND-TE-PN; N/A;-1;-1;-1;-1;-1;-1;-1;-1;-1;-1;-1
 M3-118-0; IAM; FIRE; N2-L23-118-CF-FF-003-COMB A INCEND-TE-PN; N/A;-1;-1;-1;-1;-1;-1;-1;-1;-1;-1;-1
 M3-119-0; IAM; FIRE; N2-L23-119-CF-FF-003-COMB A INCEND-TE-PN; N/A;-1;-1;-1;-1;-1;-1;-1;-1;-1;-1;-1
 M3-120-0; PHOTO; SMOKE; N2-L23-120-DF-CORRED FRENTE TET-012TE-PN; N/A;-1;-1;-1;-1;-1;-1;-1;-1;-1;-1;-1
 M3-121-0; IAM; FIRE; N2-L23-121-CF-FF-003-COMB A INCEND-TE-PN; N/A;-1;-1;-1;-1;-1;-1;-1;-1;-1;-1;-1
 M3-122-0; PHOTO; SMOKE; N2-L23-122-DF-FF-003-COMB A INCEND-TE-PN; N/A;-1;-1;-1;-1;-1;-1;-1;-1;-1;-1;-1
 M3-123-0; ADRPUL; PULL; N2-L23-123-AM-SALA EL-004-TE-PN; N/A;-1;-1;-1;-1;-1;-1;-1;-1;-1;-1;-1
 M3-124-0; PHOTO; SMOKE; N2-L23-124-DF-SALA EL-004-TE-PN; N/A;-1;-1;-1;-1;-1;-1;-1;-1;-1;-1;-1
 M3-125-0; PHOTO; SMOKE; N2-L23-125-DF-SALA TEC 011-TE-PN; N/A;-1;-1;-1;-1;-1;-1;-1;-1;-1;-1;-1
 M3-126-0; PHOTO; SMOKE; N2-L23-126-DF-SALA TEC 011-TE-PN; N/A;-1;-1;-1;-1;-1;-1;-1;-1;-1;-1;-1
 M3-127-0; PHOTO; SMOKE; N2-L23-127-DF-CASA MAQ SETOR 11-TE-PN; N/A;-1;-1;-1;-1;-1;-1;-1;-1;-1;-1;-1
 M3-129-0; RIAM; RELAY; N2-L23-129-MR-TE-PN; N/A;-1;-1;-1;-1;-1;-1;-1;-1;-1;-1;-1
 M3-130-0; PHOTO; SMOKE; N2-L23-130-DF-SALA PF-TE-PN; N/A;-1;-1;-1;-1;-1;-1;-1;-1;-1;-1;-1
 M3-133-0; RIAM; RELAY; N2-L23-133-MR-DESEMB REMOTO-TE-PN; N/A;-1;-1;-1;-1;-1;-1;-1;-1;-1;-1;-1
 M3-134-0; PHOTO; SMOKE; N2-L23-134-DF-SANITARIO FEM-TE-PN; N/A;-1;-1;-1;-1;-1;-1;-1;-1;-1;-1;-1
 M3-138-0; PHOTO; SMOKE; N2-L23-138-DF-SANITARIO FEM-TE-PN; N/A;-1;-1;-1;-1;-1;-1;-1;-1;-1;-1;-1
 M3-145-0; PHOTO; SMOKE; N2-L23-145-DF-SANITARIO SETOR 13-TE-PN; N/A;-1;-1;-1;-1;-1;-1;-1;-1;-1;-1;-1
 M3-155-0; PHOTO; SMOKE; N2-L23-155-DF-DEPOSITO-TE-PN; N/A;-1;-1;-1;-1;-1;-1;-1;-1;-1;-1;-1
 M3-156-0; PHOTO; SMOKE; N2-L23-156-DF-DEPOSITO-TE-PN; N/A;-1;-1;-1;-1;-1;-1;-1;-1;-1;-1;-1
 M3-165-0; PHOTO; SMOKE; N2-L23-165-DF-GATE 19 EMBAR DOMES-1P-PN; N/A;-1;-1;-1;-1;-1;-1;-1;-1;-1;-1;-1
 M3-166-0; PHOTO; SMOKE; N2-L23-166-DF-GATE 19 EMBAR DOMES-1P-PN; N/A;-1;-1;-1;-1;-1;-1;-1;-1;-1;-1;-1
 M3-167-0; PHOTO; SMOKE; N2-L23-167-DF-GATE 20 EMBAR DOMES-TE-PN; N/A;-1;-1;-1;-1;-1;-1;-1;-1;-1;-1;-1
 M3-168-0; PHOTO; SMOKE; N2-L23-168-DF-GATE 20 EMBAR DOMES-TE-PN; N/A;-1;-1;-1;-1;-1;-1;-1;-1;-1;-1;-1
 M3-169-0; PHOTO; SMOKE; N2-L23-169-DF-GATE 20 EMBAR DOMES-TE-PN; N/A;-1;-1;-1;-1;-1;-1;-1;-1;-1;-1;-1
 M3-170-0; PHOTO; SMOKE; N2-L23-170-DF-GATE 20 EMBAR DOMES-TE-PN; N/A;-1;-1;-1;-1;-1;-1;-1;-1;-1;-1;-1
 M3-171-0; PHOTO; SMOKE; N2-L23-171-DF-GATE 20 EMBAR DOMES-TE-PN; N/A;-1;-1;-1;-1;-1;-1;-1;-1;-1;-1;-1
 M3-181-0; RIAM; RELAY; N2-L23-181-MR-TE-PN; N/A;-1;-1;-1;-1;-1;-1;-1;-1;-1;-1;-1
 M3-182-0; RIAM; RELAY; N2-L23-182-MR-TE-PN; N/A;-1;-1;-1;-1;-1;-1;-1;-1;-1;-1;-1
 M3-183-0; RIAM; RELAY; N2-L23-182-MR-TE-PN; N/A;-1;-1;-1;-1;-1;-1;-1;-1;-1;-1;-1
 M3-184-0; RIAM; RELAY; N2-L23-184-MR-TE-PN; N/A;-1;-1;-1;-1;-1;-1;-1;-1;-1;-1;-1
 M3-192-0; RIAM; RELAY; N2-L23-192-MR-TE-PN; N/A;-1;-1;-1;-1;-1;-1;-1;-1;-1;-1;-1
 M3-193-0; RIAM; RELAY; N2-L23-193-MR-TE-PN; N/A;-1;-1;-1;-1;-1;-1;-1;-1;-1;-1;-1
 M3-236-0; RIAM; RELAY; N2-L23-236-MR-1P-PN; N/A;-1;-1;-1;-1;-1;-1;-1;-1;-1;-1;-1
 M3-248-0; PHOTO; SMOKE; N2-L23-248-DF-1P-PN; N/A;-1;-1;-1;-1;-1;-1;-1;-1;-1;-1;-1
 M4-8-0; PHOTO; SMOKE; N2-L24-008-DF-DATA CENTER-SE102-TE-PN; N/A;-1;-1;-1;-1;-1;-1;-1;-1;-1;-1;-1
 M4-9-0; ADRPUL; PULL; N2-L24-009-AM-DATA CENTER-TE-PN; N/A;-1;-1;-1;-1;-1;-1;-1;-1;-1;-1;-1
 M4-10-0; RIAM; RELAY; N2-L24-010-MR-SALA ELETRICA-TE-PN; N/A;-1;-1;-1;-1;-1;-1;-1;-1;-1;-1;-1
 M4-11-0; RIAM; RELAY; N2-L24-011-MR-CASA MAQ HVAC-TE-PN; N/A;-1;-1;-1;-1;-1;-1;-1;-1;-1;-1;-1
 M4-13-0; RIAM; RELAY; N2-L24-013-MR- HVAC-TE-PN; N/A;-1;-1;-1;-1;-1;-1;-1;-1;-1;-1;-1
 M4-14-0; PHOTO; SMOKE; N2-L24-014-DF- HVAC-SE105-TE-PN; N/A;-1;-1;-1;-1;-1;-1;-1;-1;-1;-1;-1
 M4-15-0; PHOTO; SMOKE; N2-L24-015-DF-GASES EXTINCAO -TE-PN; N/A;-1;-1;-1;-1;-1;-1;-1;-1;-1;-1;-1
 M4-16-0; PHOTO; SMOKE; N2-L24-016-DF-SALA ELETRICA-SE103-TE-PN; N/A;-1;-1;-1;-1;-1;-1;-1;-1;-1;-1;-1
 M4-17-0; PHOTO; SMOKE; N2-L24-017-DF-SALA TECNICA-SE103-TE-PN; N/A;-1;-1;-1;-1;-1;-1;-1;-1;-1;-1;-1
 M4-18-0; PHOTO; SMOKE; N2-L24-018-DF-SALA TECNICA-SE103-TE-PN; N/A;-1;-1;-1;-1;-1;-1;-1;-1;-1;-1;-1
 M4-19-0; PHOTO; SMOKE; N2-L24-019-DF-DATA CENTER-SE102-TE-PN; N/A;-1;-1;-1;-1;-1;-1;-1;-1;-1;-1;-1
 M4-20-0; PHOTO; SMOKE; N2-L24-020-DF-TE-PN; N/A;-1;-1;-1;-1;-1;-1;-1;-1;-1;-1;-1
 M4-22-0; RIAM; RELAY; N2-L24-022-MR-SALA BACKUP HVAC-TE-PN; N/A;-1;-1;-1;-1;-1;-1;-1;-1;-1;-1;-1
 M4-24-0; PHOTO; SMOKE; N2-L24-024-DF-SL BACKUP HVAC-SM104-TE-PN; N/A;-1;-1;-1;-1;-1;-1;-1;-1;-1;-1;-1
 M4-27-0; PHOTO; SMOKE; N2-L24-027-DF-COR EMBARQUE DOMEST-TE-PN; N/A;-1;-1;-1;-1;-1;-1;-1;-1;-1;-1;-1
 M4-28-0; PHOTO; SMOKE; N2-L24-028-DF-COR EMBARQUE DOMEST-TE-PN; N/A;-1;-1;-1;-1;-1;-1;-1;-1;-1;-1;-1
 M4-29-0; PHOTO; SMOKE; N2-L24-029-DF-COR EMBARQUE DOMEST-TE-PN; N/A;-1;-1;-1;-1;-1;-1;-1;-1;-1;-1;-1
 M4-30-0; ADRPUL; PULL; N2-L24-030-AM-COR EMBARQUE DOMEST-TE-PN; N/A;-1;-1;-1;-1;-1;-1;-1;-1;-1;-1;-1
 M4-31-0; PHOTO; SMOKE; N2-L24-031-DF-COR EMBARQUE DOMEST-TE-PN; N/A;-1;-1;-1;-1;-1;-1;-1;-1;-1;-1;-1
 M4-32-0; PHOTO; SMOKE; N2-L24-032-DF-COR EMBARQUE DOMEST-TE-PN; N/A;-1;-1;-1;-1;-1;-1;-1;-1;-1;-1;-1
 M4-33-0; PHOTO; SMOKE; N2-L24-033-DF-COR EMBARQUE DOMEST-TE-PN; N/A;-1;-1;-1;-1;-1;-1;-1;-1;-1;-1;-1
 M4-34-0; PHOTO; SMOKE; N2-L24-034-DF-COR EMBARQUE DOMEST-TE-PN; N/A;-1;-1;-1;-1;-1;-1;-1;-1;-1;-1;-1
 M4-35-0; RIAM; RELAY; N2-L24-035-MR-COR EMBARQUE DOMEST-TE-PN; N/A;-1;-1;-1;-1;-1;-1;-1;-1;-1;-1;-1
 M4-36-0; ADRPUL; PULL; N2-L24-036-AM-COR EMBARQUE DOMEST-TE-PN; N/A;-1;-1;-1;-1;-1;-1;-1;-1;-1;-1;-1
 M4-37-0; PHOTO; SMOKE; N2-L24-037-DF-COR EMBARQUE DOMEST-TE-PN; N/A;-1;-1;-1;-1;-1;-1;-1;-1;-1;-1;-1
 M4-38-0; PHOTO; SMOKE; N2-L24-038-DF-COR EMBARQUE DOMEST-TE-PN; N/A;-1;-1;-1;-1;-1;-1;-1;-1;-1;-1;-1
 M4-39-0; PHOTO; SMOKE; N2-L24-039-DF-COR EMBARQUE DOMEST-TE-PN; N/A;-1;-1;-1;-1;-1;-1;-1;-1;-1;-1;-1
 M4-40-0; PHOTO; SMOKE; N2-L24-040-DF-COR EMBARQUE DOMEST-TE-PN; N/A;-1;-1;-1;-1;-1;-1;-1;-1;-1;-1;-1
 M4-41-0; PHOTO; SMOKE; N2-L24-041-DF-COR EMBARQUE DOMEST-TE-PN; N/A;-1;-1;-1;-1;-1;-1;-1;-1;-1;-1;-1
 M4-42-0; PHOTO; SMOKE; N2-L24-042-DF-COR EMBARQUE DOMEST-TE-PN; N/A;-1;-1;-1;-1;-1;-1;-1;-1;-1;-1;-1
 M4-43-0; RIAM; RELAY; N2-L24-043-MR-COR EMBARQUE DOMEST-TE-PN; N/A;-1;-1;-1;-1;-1;-1;-1;-1;-1;-1;-1
 M4-44-0; ADRPUL; PULL; N2-L24-044-AM-COR EMBARQUE DOMEST-TE-PN; N/A;-1;-1;-1;-1;-1;-1;-1;-1;-1;-1;-1
 M4-45-0; PHOTO; SMOKE; N2-L24-045-DF-COR EMBARQUE DOMEST-TE-PN; N/A;-1;-1;-1;-1;-1;-1;-1;-1;-1;-1;-1
 M4-46-0; PHOTO; SMOKE; N2-L24-046-DF-COR EMBARQUE DOMEST-TE-PN; N/A;-1;-1;-1;-1;-1;-1;-1;-1;-1;-1;-1
 M4-47-0; PHOTO; SMOKE; N2-L24-047-DF-COR EMBARQUE DOMEST-TE-PN; N/A;-1;-1;-1;-1;-1;-1;-1;-1;-1;-1;-1
 M4-48-0; PHOTO; SMOKE; N2-L24-048-DF-COR EMBARQUE DOMEST-TE-PN; N/A;-1;-1;-1;-1;-1;-1;-1;-1;-1;-1;-1
 M4-49-0; PHOTO; SMOKE; N2-L24-049-DF-COR EMBARQUE DOMEST-TE-PN; N/A;-1;-1;-1;-1;-1;-1;-1;-1;-1;-1;-1
 M4-50-0; PHOTO; SMOKE; N2-L24-050-DF-WC MASC-1P-CN; N/A;-1;-1;-1;-1;-1;-1;-1;-1;-1;-1;-1
 M4-51-0; PHOTO; SMOKE; N2-L24-051-DF-WC MASC -1P-CN; N/A;-1;-1;-1;-1;-1;-1;-1;-1;-1;-1;-1
 M4-52-0; PHOTO; SMOKE; N2-L24-052-DF-WC FEMIN 114-1P-CN; N/A;-1;-1;-1;-1;-1;-1;-1;-1;-1;-1;-1
 M4-53-0; PHOTO; SMOKE; N2-L24-053-DF-WC FEMIN 114-1P-CN; N/A;-1;-1;-1;-1;-1;-1;-1;-1;-1;-1;-1
 M4-54-0; PHOTO; SMOKE; N2-L24-054-DF- WC PNE FEMIN 114-1P-CN; N/A;-1;-1;-1;-1;-1;-1;-1;-1;-1;-1;-1
 M4-55-0; PHOTO; SMOKE; N2-L24-055-DF-DEPOSITO 114-1P-CN; N/A;-1;-1;-1;-1;-1;-1;-1;-1;-1;-1;-1
 M4-56-0; PHOTO; SMOKE; N2-L24-056-DF-ACESSO BANHEIROS-1P-CN; N/A;-1;-1;-1;-1;-1;-1;-1;-1;-1;-1;-1
 M4-58-0; PHOTO; SMOKE; N2-L24-058-DF-DESEMBARQUE INTER-1P-CN; N/A;-1;-1;-1;-1;-1;-1;-1;-1;-1;-1;-1
 M4-59-0; ADRPUL; PULL; N2-L24-059-AM-DESEMBARQUE INTER-1P-CN; N/A;-1;-1;-1;-1;-1;-1;-1;-1;-1;-1;-1
 M4-60-0; PHOTO; SMOKE; N2-L24-060-DF-DESEMBARQUE INTER-1P-CN; N/A;-1;-1;-1;-1;-1;-1;-1;-1;-1;-1;-1
 M4-61-0; PHOTO; SMOKE; N2-L24-061-DF-DESEMBARQUE INTER-1P-CN; N/A;-1;-1;-1;-1;-1;-1;-1;-1;-1;-1;-1
 M4-62-0; PHOTO; SMOKE; N2-L24-062-DF-DESEMBARQUE INTER-1P-CN; N/A;-1;-1;-1;-1;-1;-1;-1;-1;-1;-1;-1
 M4-63-0; RIAM; RELAY; N2-L24-063-MR-DESEMBARQUE INTER-1P-CN; N/A;-1;-1;-1;-1;-1;-1;-1;-1;-1;-1;-1
 M4-64-0; ADRPUL; PULL; N2-L24-064-AM-DESEMBARQUE INTER-1P-CN; N/A;-1;-1;-1;-1;-1;-1;-1;-1;-1;-1;-1
 M4-65-0; PHOTO; SMOKE; N2-L24-065-DF-DESEMBARQUE INTER-1P-CN; N/A;-1;-1;-1;-1;-1;-1;-1;-1;-1;-1;-1
 M4-66-0; PHOTO; SMOKE; N2-L24-066-DF-DESEMBARQUE INTER-1P-CN; N/A;-1;-1;-1;-1;-1;-1;-1;-1;-1;-1;-1
 M4-67-0; PHOTO; SMOKE; N2-L24-067-DF-DESEMBARQUE INTER-1P-CN; N/A;-1;-1;-1;-1;-1;-1;-1;-1;-1;-1;-1
 M4-68-0; PHOTO; SMOKE; N2-L24-068-DF-DESEMBARQUE INTER-1P-CN; N/A;-1;-1;-1;-1;-1;-1;-1;-1;-1;-1;-1
 M4-69-0; PHOTO; SMOKE; N2-L24-069-DF-DESEMBARQUE INTER-1P-CN; N/A;-1;-1;-1;-1;-1;-1;-1;-1;-1;-1;-1
 M4-70-0; PHOTO; SMOKE; N2-L24-070-DF-DESEMBARQUE INTER-1P-CN; N/A;-1;-1;-1;-1;-1;-1;-1;-1;-1;-1;-1
 M4-71-0; ADRPUL; PULL; N2-L24-071-DESEMBARQUE INTER-AM-1P-CN; N/A;-1;-1;-1;-1;-1;-1;-1;-1;-1;-1;-1
 M4-72-0; RIAM; RELAY; N2-L24-072-MR-DESEMBARQUE INTER-1P-CN; N/A;-1;-1;-1;-1;-1;-1;-1;-1;-1;-1;-1
 M4-73-0; PHOTO; SMOKE; N2-L24-073-DF-DESEMBARQUE INTER-1P-PN; N/A;-1;-1;-1;-1;-1;-1;-1;-1;-1;-1;-1
 M4-74-0; PHOTO; SMOKE; N2-L24-074-DF-DESEMBARQUE INTER-1P-PN; N/A;-1;-1;-1;-1;-1;-1;-1;-1;-1;-1;-1
 M4-75-0; PHOTO; SMOKE; N2-L24-075-DF-DESEMBARQUE INTER-1P-PN; N/A;-1;-1;-1;-1;-1;-1;-1;-1;-1;-1;-1
 M4-76-0; PHOTO; SMOKE; N2-L24-076-DF-DESEMBARQUE INTER-1P-PN; N/A;-1;-1;-1;-1;-1;-1;-1;-1;-1;-1;-1
 M4-77-0; PHOTO; SMOKE; N2-L24-077-DF-DESEMBARQUE INTER-1P-PN; N/A;-1;-1;-1;-1;-1;-1;-1;-1;-1;-1;-1
 M4-78-0; PHOTO; SMOKE; N2-L24-078-DF-DESEMBARQUE INTER-1P-PN; N/A;-1;-1;-1;-1;-1;-1;-1;-1;-1;-1;-1
 M4-79-0; ADRPUL; PULL; N2-L24-079-AM-DESEMBARQUE INTER-1P-PN; N/A;-1;-1;-1;-1;-1;-1;-1;-1;-1;-1;-1
 M4-80-0; PHOTO; SMOKE; N2-L24-080-DF-DESEMBARQUE INTER-1P-PN; N/A;-1;-1;-1;-1;-1;-1;-1;-1;-1;-1;-1
 M4-81-0; PHOTO; SMOKE; N2-L24-081-DF-DESEMBARQUE INTER-1P-PN; N/A;-1;-1;-1;-1;-1;-1;-1;-1;-1;-1;-1
 M4-82-0; PHOTO; SMOKE; N2-L24-082-DF-DESEMBARQUE INTER-1P-PN; N/A;-1;-1;-1;-1;-1;-1;-1;-1;-1;-1;-1
 M4-83-0; RIAM; RELAY; N2-L24-083-MR-DESEMBARQUE INTER-1P-PN; N/A;-1;-1;-1;-1;-1;-1;-1;-1;-1;-1;-1
 M4-84-0; ADRPUL; PULL; N2-L24-084-AM-DESEMBARQUE INTER-1P-PN; N/A;-1;-1;-1;-1;-1;-1;-1;-1;-1;-1;-1
 M4-85-0; PHOTO; SMOKE; N2-L24-085-DF-DESEMBARQUE INTER-1P-PN; N/A;-1;-1;-1;-1;-1;-1;-1;-1;-1;-1;-1
 M4-86-0; PHOTO; SMOKE; N2-L24-086-DF-DESEMBARQUE INTER-1P-PN; N/A;-1;-1;-1;-1;-1;-1;-1;-1;-1;-1;-1
 M4-87-0; PHOTO; SMOKE; N2-L24-087-DF-COR EMBARQUE DOMEST-1P-PN; N/A;-1;-1;-1;-1;-1;-1;-1;-1;-1;-1;-1
 M4-88-0; PHOTO; SMOKE; N2-L24-088-DF-COR EMBARQUE DOMEST-1P-PN; N/A;-1;-1;-1;-1;-1;-1;-1;-1;-1;-1;-1
 M4-89-0; PHOTO; SMOKE; N2-L24-089-DF-COR EMBARQUE DOMEST-1P-PN; N/A;-1;-1;-1;-1;-1;-1;-1;-1;-1;-1;-1
 M4-90-0; RIAM; RELAY; N2-L24-090-MR-COR EMBARQUE DOMEST-1P-PN; N/A;-1;-1;-1;-1;-1;-1;-1;-1;-1;-1;-1
 M4-91-0; ADRPUL; PULL; N2-L24-091-AM-COR EMBARQUE DOMEST-1P-PN; N/A;-1;-1;-1;-1;-1;-1;-1;-1;-1;-1;-1
 M4-92-0; PHOTO; SMOKE; N2-L24-092-DF-COR EMBARQUE DOMEST-1P-PN; N/A;-1;-1;-1;-1;-1;-1;-1;-1;-1;-1;-1
 M4-93-0; PHOTO; SMOKE; N2-L24-093-DF-VESTIARIO MASC-TE-PN; N/A;-1;-1;-1;-1;-1;-1;-1;-1;-1;-1;-1
 M4-94-0; PHOTO; SMOKE; N2-L24-094-DF-BANHEIRO MASC-TE-PN; N/A;-1;-1;-1;-1;-1;-1;-1;-1;-1;-1;-1
 M4-95-0; PHOTO; SMOKE; N2-L24-095-DF-PNE MASCULINO-TE-PN; N/A;-1;-1;-1;-1;-1;-1;-1;-1;-1;-1;-1
 M4-96-0; ADRPUL; PULL; N2-L24-096-AM-BANHEIROS-TE-PN; N/A;-1;-1;-1;-1;-1;-1;-1;-1;-1;-1;-1
 M4-97-0; PHOTO; SMOKE; N2-L24-097-DF-PNE FEMENINO-TE-PN; N/A;-1;-1;-1;-1;-1;-1;-1;-1;-1;-1;-1
 M4-98-0; PHOTO; SMOKE; N2-L24-098-DF-BANHEIRO FEMIN-TE-PN; N/A;-1;-1;-1;-1;-1;-1;-1;-1;-1;-1;-1
 M4-99-0; PHOTO; SMOKE; N2-L24-099-DF-VESTIARIO FEMININ-TE-PN; N/A;-1;-1;-1;-1;-1;-1;-1;-1;-1;-1;-1
 M4-100-0; PHOTO; SMOKE; N2-L24-100-DF-SALA HVAC-SM103-TE-PN; N/A;-1;-1;-1;-1;-1;-1;-1;-1;-1;-1;-1
 M4-102-0; PHOTO; SMOKE; N2-L24-102-DF-VESTIARIO MASCULINO-TE-PN; N/A;-1;-1;-1;-1;-1;-1;-1;-1;-1;-1;-1
 M4-103-0; PHOTO; SMOKE; N2-L24-103-DF-BANHEIRO MASCULINO-TE-PN; N/A;-1;-1;-1;-1;-1;-1;-1;-1;-1;-1;-1
 M4-104-0; PHOTO; SMOKE; N2-L24-104-DF-PNE MASCULINO-TE-PN; N/A;-1;-1;-1;-1;-1;-1;-1;-1;-1;-1;-1
 M4-105-0; PHOTO; SMOKE; N2-L24-105-DF-PNE FEMENINO-TE-PN; N/A;-1;-1;-1;-1;-1;-1;-1;-1;-1;-1;-1
 M4-106-0; PHOTO; SMOKE; N2-L24-106-DF-PNE FEMENINO-TE-PN; N/A;-1;-1;-1;-1;-1;-1;-1;-1;-1;-1;-1
 M4-107-0; PHOTO; SMOKE; N2-L24-107-DF-VESTIARIO FEMININ-TE-PN; N/A;-1;-1;-1;-1;-1;-1;-1;-1;-1;-1;-1
 M4-108-0; PHOTO; SMOKE; N2-L24-108-DF-DEPOSITO 114-1P-CN; N/A;-1;-1;-1;-1;-1;-1;-1;-1;-1;-1;-1
 M4-109-0; PHOTO; SMOKE; N2-L24-109-DF-ANTISALA BANH-1P-CN; N/A;-1;-1;-1;-1;-1;-1;-1;-1;-1;-1;-1
 M4-110-0; PHOTO; SMOKE; N2-L24-110-DF-ANTISALA BANH-1P-CN; N/A;-1;-1;-1;-1;-1;-1;-1;-1;-1;-1;-1
 M4-111-0; PHOTO; SMOKE; N2-L24-111-DF-WC PNE MASC -1P-CN; N/A;-1;-1;-1;-1;-1;-1;-1;-1;-1;-1;-1
 M4-112-0; PHOTO; SMOKE; N2-L24-112-DF- FRAUDµRIO DES INTER-1P-CN; N/A;-1;-1;-1;-1;-1;-1;-1;-1;-1;-1;-1
 M4-113-0; PHOTO; SMOKE; N2-L24-113-DF-FRAUDµRIO DES INTER -1P-CN; N/A;-1;-1;-1;-1;-1;-1;-1;-1;-1;-1;-1
